title,bite,label
Affordability Exemption,An exemption that’s needed when applying for Catastrophic coverage for people 30 years or older whose coverage is unaffordable. Affordability exemptions are ,0
Individual Coverage Health Reimbursement Arrangement,"A type of Health Reimbursement Arrangement that reimburses medical expenses, like monthly premiums, and requires eligible employees and dependents to have in...",1
Cafeteria Plan,A cafeteria plan is a separate written plan maintained by an employer for employees that meets the specific requirements and regulations of Section 125 of th...,0
Urban Indian programs,Health programs available to American Indians and Alaska Natives living in urban areas.Urban health programs serve:Members or descendants of federally r...,0
QSEHRA,Small employers who don't offer group health coverage to their employees can help employees pay for medical expenses through a Qualified Small Employer Healt...,0
Abortion services,"Federal law prohibits federal funds, including Marketplace premium tax credits, from being used for abortion services except in the limited cases of rape, in...",0
Small Business Health Options Program (SHOP),The Small Business Health Options Program (SHOP) helps small business owners provide medical and/or dental insurance to their employees. Some smaller employe...,0
Tax filing requirement (for dependents),"The minimum income requiring a dependent to file a federal tax return. 2021 filing requirements for dependents under 65: Earned income of at least $12,550, o...",0
Quality Ratings (or 'star' ratings),"Ratings of health plan quality used in the Health Insurance Marketplace®, shown as 1 to 5 stars on plan information pages.Each health plan has an “Overall”...",0
Grace Period,"A short period — usually 90 days — after your monthly health insurance payment is due. If you haven't made your payment, you may do so during the grace perio...",0
Adjusted Gross Income (AGI),"Your total (or “gross”) income for the tax year, minus certain adjustments you’re allowed to take. Adjustments include deductions for conventional IRA contri...",1
Tax filing requirement,The minimum amount (or threshold) of income requiring you to file a federal tax return. 2021 filing requirements for most taxpayers: Gross income of at least...,0
Qualifying Health Coverage,Any health insurance that meets the Affordable Care Act requirement for coverage. The fee for not having health insurance no longer applies. This means you n...,1
Inconsistency (Data Matching Issue),"A difference between some information you put on your Marketplace application and information we have from other trusted data sources.If this happens, the ...",0
Data Matching Issue (Inconsistency),A difference between some information you put on your Marketplace health insurance application and information we have from other trusted data sources.If t...,0
Same-Sex Marriage,Lawful marriage between spouses of the same sex. Same-sex marriage is legal and recognized in every U.S. state and the District of Columbia.As long as a sa...,0
Transgender People,"A transgender person’s assigned sex at birth doesn’t match their gender identity, expression, or behavior.Transgender people have important details to cons...",0
Exemption,"If you’re 30 and older and want Catastrophic coverage, you must qualify for a ""hardship"" or ""affordability"" exemption.For plan years 2018 and earlier, othe...",0
Stand-alone Dental Plan,A type of dental plan offered through the Marketplace that’s not included as part of a health plan. You may want this if the health coverage you choose doesn...,0
Spousal Abandonment,When an individual can’t locate their spouse after making a reasonable attempt to find them. Also known as desertion. If you’re a victim of spousal abandonme...,0
Exemption Certificate Number (ECN),"A number the Marketplace provides when you qualify for a health insurance exemption. When you fill out an exemption application, the Marketplace will review ...",0
Second lowest cost Silver plan (SLCSP),The second-lowest priced Marketplace health insurance plan in the Silver category that applies to you. It may not be the plan you enrolled in. You need to kn...,0
Plan ID,Each Marketplace health plan has a unique 14-character identifier that's a combination of numbers and/or letters.You can find a plan's ID below the plan na...,0
Application ID,"Each Marketplace application has a unique identification number, or Application ID. After you apply for Marketplace coverage, you’ll get a notice with your e...",0
Multi-State Plan,"A type of plan offered in the Health Insurance Marketplace®. Despite the name, “multi-state plans” don’t necessarily have network providers or cover services...",0
Modified Adjusted Gross Income (MAGI),The figure used to determine eligibility for premium tax credits and other savings for Marketplace health insurance plans and for Medicaid and the Children's...,1
Referral,"A written order from your primary care doctor for you to see a specialist or get certain medical services. In many Health Maintenance Organizations (HMOs), y...",0
Penalty,"A payment (""fee,"" ""fine,"" ""individual mandate"") you made when you filed taxes if you didn't have health insurance that counted as qualifying health coverage ...",1
Out-of-pocket maximum/limit,"The most you have to pay for covered services in a plan year. After you spend this amount on deductibles, copayments, and coinsurance for in-network care and...",1
Out-of-Pocket Estimate,An estimate of the amount that you may have to pay on your own for health care or prescription drug costs. The estimate is made before your health plan has p...,1
Out-of-Network Copayment,"A fixed amount (for example, $30) you pay for covered health care services from providers who don't contract with your health insurance or plan. Out-of-netwo...",1
Out-of-Network Coinsurance,"The percentage (for example, 40%) you pay of the allowed amount for covered health care services to providers who don't contract with your health insurance o...",1
Original Medicare,Original Medicare is a fee-for-service health plan that has two parts: Part A (Hospital Insurance) and Part B (Medical Insurance). After you pay a deductible...,1
Not Yet Accredited (Health Plan),"A plan that hasn't been given a ""seal of approval"" by an independent company to show it meets national quality standards for health plans. There are many rea...",0
Network Plan,"A health plan that contracts with doctors, hospitals, pharmacies, and other health care providers to provide members of the plan with services and supplies a...",0
Net Rental Income,"The amount someone pays you to use your property, after you subtract the expenses you have for the property. Royalty income includes any payments you get fro...",1
Worker's Compensation,An insurance plan that employers are required to have to cover employees who get sick or injured on the job.,1
Vision Coverage,"A health benefit that at least partially covers vision care, like eye exams and glasses. All plans in the Health Insurance Marketplace® include vision covera...",1
TTY,"A TTY (teletypewriter) is a communication device used by people who are deaf, hard-of-hearing, or have severe speech impairment. People who don't have a TTY ...",0
TRICARE,A health care program for active-duty and retired uniformed services members and their families.,0
Total Cost Estimate (for health coverage),"The total amount you may have to pay for health plan coverage, which is estimated before you actually have the coverage and have health expenses under the co...",1
Tax Household,The taxpayer(s) and any individuals who are claimed as dependents on one federal income tax return. A tax household may include a spouse and/or dependents....,0
Supplemental Security Income (SSI),"A monthly benefit paid by Social Security to people with limited income and resources who are disabled, blind, or 65 or older. SSI benefits aren't the same a...",1
Summary of Benefits and Coverage (SBC),"An easy-to-read summary that lets you make apples-to-apples comparisons of costs and coverage between health plans. You can compare options based on price, b...",0
Subsidized Coverage,Health coverage available at reduced or no cost for people with incomes below certain levels.Examples of subsidized coverage include Medicaid and the Child...,1
State Medical Assistance Office,A state agency in charge of the state's Medicaid program and can give information about programs in its state that help pay medical bills for people with lim...,0
State Insurance Department,A state agency that regulates insurance and can provide information about health coverage in its state.,0
State Health Insurance Assistance Program (SHIP),A state program that gets funding from the federal government to provide free local health coverage counseling to people with Medicare.,0
Social Security,"A system that distributes financial benefits to retired or disabled people, their spouses, and their dependent children based on their reported earnings. Whi...",0
Social Security Survivors Benefits,"Social Security benefits based on your record (if you should die) that are paid to your:Widow/widower age 60 or older, 50 or older if disabled, or any age...",0
Social Security Benefits,"The amount you get from Social Security Disability, Retirement (including Railroad retirement), or Survivor's Benefits each month.",1
Silver Health Plan,One of 4 categories of Health Insurance Marketplace® plans (sometimes called “metal levels”). Silver plans fall about in the middle: You pay moderate monthly...,0
Service Area,A geographic area where a health insurance plan accepts members if it limits membership based on where people live. For plans that limit which doctors and ho...,0
Self-Employment Income,"The net income you earn from your own trade or business. For example, any net income (profit) you earn from goods you sell or services you provide to others ...",0
Retirement Benefit (Pension),"A payment or series of payments made to you after you retire from work. Generally, the amount of your income from a pension or retirement account distributio...",1
Rental or Royalty Income,"The amount someone pays you to use your property, after you subtract the expenses you have for the property. Royalty income includes any payments you get fro...",1
Qualifying Life Event (QLE),"A change in your situation — like getting married, having a baby, or losing health coverage — that can make you eligible for a Special Enrollment Period, all...",0
Prior Authorization,Approval from a health plan that may be required before you get a service or fill a prescription in order for the service or prescription to be covered by yo...,1
Premium Tax Credit,A tax credit you can use to lower your monthly insurance payment (called your “premium”) when you enroll in a plan through the Health Insurance Marketplace®....,1
Platinum Health Plan,One of 4 categories (or “metal levels”) of Health Insurance Marketplace® plans. Platinum plans usually have the highest monthly premiums of any plan category...,0
Pension (Retirement Benefit),"A payment or series of payments made to you after you retire from work. Generally, the amount of your income from a pension or retirement account distributio...",1
Notice,"An official form of communication that informs individuals about the status of their applications, their eligibility for programs, or other important informa...",0
Net Capital Gains,"The amount by which your total long-term capital gain for the year is more than your short-term capital loss for the year.For more information, visit http:...",1
Navigator,"An individual or organization that's trained and able to help consumers, small businesses, and their employees as they look for health coverage options throu...",0
Multi-Employer Plan,"In general, a group health plan that's sponsored jointly by 2 or more employers.",0
Member Survey Results,A survey conducted by the Consumer Assessment of Healthcare Providers and Systems (CAHPS) which asks health plan members to rate the care their experiences w...,0
Marketplace,"Shorthand for the “Health Insurance Marketplace®,” a shopping and enrollment service for medical insurance created by the Affordable Care Act in 2010.In mo...",0
Large Group Health Plan,"In general, a group health plan that covers employees of an employer that has 51 or more employees. In some states large groups are defined as 101 or more.",0
Investment Income,"The income you get from an investment, like interest you get from a bank or dividends you get from a stock you own.For more information, see IRS Publicatio...",1
Interest,"The charge for the use of borrowed money.Interest you get from a bank or dividends from a stock you own are examples of investment income, which you should...",1
Inpatient Care,"Health care that you get when you're admitted as an inpatient to a health care facility, like a hospital or skilled nursing facility.",0
In Person Assistance Personnel Program,"Individuals or organizations that are trained and able to provide help to consumers, small businesses, and their employees as they look for health coverage o...",0
Health Plan Categories,"Levels of plans in the Health Insurance Marketplace®: Bronze, Silver, Gold, and Platinum. Categories (sometimes called “metal levels”) are based on how you a...",1
Health Coverage,"Legal entitlement to payment or reimbursement for your health care costs, generally under a contract with a health insurance company, a group health plan off...",1
Hardship Exemption,"An exemption that’s needed when applying for Catastrophic coverage for people 30 and older who faced a ""hardship"" that prevented them from getting insurance....",1
Group Health Plan,"In general, a health plan offered by an employer or employee organization that provides health coverage to employees and their families.",1
Gold Health Plan,One of 4 health plan categories (or “metal levels”) in the Health Insurance Marketplace®. Gold plans usually have higher monthly premiums but lower costs whe...,0
Generic Drugs,A prescription drug that has the same active-ingredient formula as a brand-name drug. Generic drugs usually cost less than brand-name drugs. The Food and Dru...,0
Full-Time Employee (FTE),Any employee who works an average of at least 30 hours per week for more than 120 days in a year. Part-time employees work an average of less than 30 hours p...,0
Fee,"A payment (""penalty,"" ""fine,"" ""individual mandate"") you made when you filed federal taxes if you didn't have health insurance that counted as qualifying heal...",1
Fee for Service,A method in which doctors and other health care providers are paid for each service performed. Examples of services include tests and office visits.Related...,1
Federally Recognized Tribe,"Any Indian or Alaska Native tribe, Alaska Native Claims Settlement Act (ANCSA) Corporation (regional or village), band, nation, pueblo, village, rancheria, o...",0
External Review,A review of a plan's decision to deny coverage for or payment of a service by an independent third-party not related to the plan. If the plan denies an appea...,0
Employer or Union Retiree Plans,"Plans that provide health and/or drug coverage to former employees or members, and, in some cases, their families. These plans are offered to people through ...",0
Eligible Immigration Status,An immigration status that's considered eligible for getting health coverage through the Marketplace. The rules for eligible immigration status may be differ...,0
Eligibility Assessment,"In certain states, the Marketplace doesn't provide the final decision on Medicaid eligibility. Instead, the Marketplace conducts an assessment and passes the...",0
Drug List,A list of prescription drugs covered by a prescription drug plan or another insurance plan offering prescription drug benefits. Also called a formulary.,0
Domestic Partnership,"Two people of the same or opposite sex who live together and share a domestic life, but aren't married or joined by a civil union. In some states, domestic p...",0
Dividend,A payment made by a for-profit corporation to its shareholders. This payment is a portion of the corporate earnings and may be paid a certain number of times...,0
Dependent,"A child or other individual for whom a parent, relative, or other person may claim a personal exemption tax deduction. Under the Affordable Care Act, individ...",0
Department of Health and Human Services (HHS),"The federal agency that oversees CMS, which administers programs for protecting the health of all Americans, including Medicare, the Marketplace, Medicaid, a...",0
Dental Coverage,"Benefits that help pay for the cost of visits to a dentist for basic or preventive services, like teeth cleaning, X-rays, and fillings. In the Marketplace, d...",1
Deductible,"The amount you pay for covered health care services before your insurance plan starts to pay. With a $2,000 deductible, for example, you pay the first $2,000...",1
Court Awards,Money that's due to you as the result of a lawsuit. This money may be taxable. Examples of lawsuit proceeds that aren't taxable are amounts awarded to you fo...,1
Cost Sharing Reduction (CSR),"A discount that lowers the amount you have to pay for deductibles, copayments, and coinsurance. In the Health Insurance Marketplace®, cost-sharing reductions...",1
Coordination of Benefits,A way to figure out who pays first when 2 or more health insurance plans are responsible for paying the same medical claim.,0
Co-op,"A non-profit organization in which the same people who own the company are insured by the company. Cooperatives can be formed at a national, state, or local ...",0
Certified Application Counselor,"An individual (affiliated with a designated organization) who is trained and able to help consumers, small businesses, and their employees as they look for h...",0
Centers for Medicare & Medicaid Services (CMS),"The federal agency that runs the Medicare, Medicaid, and Children's Health Insurance Programs, and the federally facilitated Marketplace. For more informatio...",0
Capital Gains,"A capital gain is the amount you get from selling property, like stock, a house, or a mutual fund. For example, if you buy stock for $1,000 and sell it for $...",1
Canceled Debts,"If you incurred a debt from a loan or from buying something on credit and a portion of the amount you owe is discharged or forgiven (""canceled""), the amount ...",1
Bronze Health Plan,One of 4 plan categories (also known as “metal levels”) in the Health Insurance Marketplace®. Bronze plans usually have the lowest monthly premiums but the h...,0
Broker,An agent or broker is a person or business who can help you apply for help paying for coverage and enroll in a Qualified Health Plan (QHP) through the Market...,0
Brand Name (Drugs),A drug sold by a drug company under a specific name or trademark and that is protected by a patent. Brand name drugs may be available by prescription or over...,0
Authorized Representative,"Someone who you choose to act on your behalf with the Marketplace, like a family member or other trusted person. Some authorized representatives may have leg...",0
Attest/Attestation,"When you apply for health coverage through the Marketplace, you're required to agree (or ""attest"") to the truth of the information provided by signing the ap...",0
Annual Deductible Combined,"Usually in Health Savings Account (HSA) eligible plans, the total amount that family members on a plan must pay out-of-pocket for health care or prescription...",1
Alimony,"Alimony is money you get from a spouse with whom you no longer live, or a former spouse, if paid to you as part of a divorce agreement, separation agreement,...",1
Agent and Broker (Health Insurance),A trained insurance professional who can help you enroll in a health insurance plan. Agents may work for a single health insurance company; brokers may repre...,0
Advance Premium Tax Credit (APTC),A tax credit you can take in advance to lower your monthly health insurance payment (or “premium”). When you apply for coverage in the Health Insurance Marke...,1
Accreditation,"If a Marketplace health plan is approved, this is the “seal of approval” given to the plan by an independent organization to show that the plan meets nationa...",0
Wellness Programs,"A program intended to improve and promote health and fitness that's usually offered through the work place, although insurance plans can offer them directly ...",0
Well-baby and Well-child Visits,Routine doctor visits for comprehensive preventive health services that occur when a baby is young and annual visits until a child reaches age 21. Services i...,0
Waiting Period (Job-based coverage),The time that must pass before coverage can become effective for an employee or dependent who is otherwise eligible for coverage under a job-based health plan.,0
Value-Based Purchasing (VBP),Linking provider payments to improved performance by health care providers. This form of payment holds health care providers accountable for both the cost an...,0
Urgent Care,"Care for an illness, injury or condition serious enough that a reasonable person would seek care right away, but not so severe it requires emergency room care.",0
Uncompensated Care,Health care or services provided by hospitals or health care providers that don't get reimbursed. Often uncompensated care arises when people don't have insu...,0
"UCR (Usual, Customary, and Reasonable)",The amount paid for a medical service in a geographic area based on what providers in the area usually charge for the same or similar medical service. The UC...,1
State Continuation Coverage,"A state-based requirement similar to COBRA that applies to group health insurance policies of employers with fewer than 20 employees. In some states, state c...",0
Specialist,"A physician specialist focuses on a specific area of medicine or a group of patients to diagnose, manage, prevent or treat certain types of symptoms and cond...",0
Special Health Care Need,"The health care and related needs of children who have chronic physical, developmental, behavioral or emotional conditions. Such needs are of a type or amoun...",0
Special Enrollment Period (SEP),A time outside the yearly Open Enrollment Period when you can sign up for health insurance. You qualify for a Special Enrollment Period if you’ve had certain...,0
Skilled Nursing Facility Care,"Skilled nursing care and rehabilitation services provided on a continuous, daily basis in a skilled nursing facility. Examples of skilled nursing facility ca...",0
Skilled Nursing Care,Services from licensed nurses in your own home or in a nursing home. Skilled care services are from technicians and therapists in your own home or in a nursi...,0
Self-Insured Plan,Type of plan usually present in larger companies where the employer itself collects premiums from enrollees and takes on the responsibility of paying employe...,0
Risk Adjustment,A statistical process that takes into account the underlying health status and health spending of the enrollees in an insurance plan when looking at their he...,0
Rider (exclusionary rider),"A rider is an amendment to an insurance policy. Some riders add coverage (for example, if you buy a maternity rider to add coverage for pregnancy to your pol...",0
Rescission,The retroactive cancellation of a health insurance policy. Insurance companies will sometimes retroactively cancel your entire policy if you made a mistake o...,1
Reinsurance,A reimbursement system that protects insurers from very high claims. It usually involves a third party paying part of an insurance company’s claims once they...,1
